я,2128
и,2000
в,1003
не,996
что,952
она,826
он,659
быть,617
с,592
на,574
вы,548
это,508
но,349
как,339
всё,338
а,303
они,283
к,283
так,260
же,257
бабушка,238
мой,219
генерал,218
весь,217
этот,213
у,213
о,211
мочь,208
знать,203
сам,200
то,190
за,186
тот,184
да,177
ты,176
ещё,170
даже,169
по,168
себя,158
только,156
бы,153
полина,151
от,150
ну,147
blanche,143
сказать,141
один,140
мы,133
теперь,132
свой,132
говорить,129
если,126
раз,125
до,125
такой,122
из,119
который,115
тысяча,113
де-грие,113
для,108
ли,107
мистер,106
деньга,105
вдруг,105
уж,101
уже,98
вот,98
или,95
очень,93
опять,92
дело,91
хотеть,90
ни,84
два,84
когда,83
здесь,82
есть,80
человек,79
стать,78
тоже,76
ведь,76
ваш,76
тут,75
какой,75
ничего,71
нет,71
рука,70
казаться,70
видеть,70
слово,69
потому,69
думать,69
астля,69
стол,68
конечно,66
день,65
тогда,64
наш,64
впрочем,64
смотреть,62
почти,62
m-lle,62
какой-то,60
ставить,59
самый,59
другой,59
тотчас,58
время,58
mademoiselle,58
француз,57
заметить,57
выйти,57
чтоб,56
что-то,56
поставить,56
дать,56
барон,56
фридрихсдор,55
наконец,55
играть,55
чем,54
при,53
идти,53
выиграть,53
отвечать,52
надо,52
рулетка,50
проиграть,50
отель,50
лицо,50
взять,50
тем,48
глаз,48
без,48
хоть,47
любить,47
совсем,46
можно,46
час,45
понимать,45
первый,45
сидеть,44
начать,44
более,44
франк,43
три,43
гульден,43
голова,43
воксало,43
чтобы,42
четыре,42
сейчас,42
русский,42
потом,42
где,42
потапович,41
иметь,41
хороший,40
игра,40
действительно,40
большой,40
спросить,39
однако,39
алексей,39
почему,38
пойти,38
много,38
минута,38
иванович,38
пред,37
последний,36
мысль,36
место,35
вскричать,35
астлеть,35
точно,34
кто,34
должный,34
совершенно,33
прямо,33
после,33
под,33
ждать,33
довольно,33
zero,33
узнать,32
ужасно,32
помнить,32
ж,32
делать,32
всегда,32
вопрос,32
взгляд,32
что-нибудь,31
сто,31
пять,31
остаться,31
начинать,31
мера,31
друг,31
случай,30
ребёнок,30
париж,30
неужели,30
крайний,30
двенадцать,30
et,30
сделать,29
просто,29
прийти,29
пора,29
обратиться,29
например,29
кресло,29
красный,29
десять,29
всякий,29
сторона,28
пятьдесят,28
просить,28
мисс,28
какой-нибудь,28
иногда,28
год,28
всё-таки,28
решительно,27
посмотреть,27
особенно,27
нога,27
никогда,27
несколько,27
крикнуть,27
игрок,27
двадцать,27
стоить,26
скорый,26
продолжать,26
правда,26
непременно,26
как-то,26
дом,26
выходить,26
б,26
madame,26
cominges,26
ставка,25
сколько,25
про,25
обстоятельство,25
лакей,25
комната,25
вчера,25
будто,25
de,25
флорин,24
считать,24
стоять,24
слишком,24
принять,24
прибавить,24
месяц,24
между,24
кроме,24
каждый,24
значит,24
вид,24
явиться,23
чрез,23
там,23
странный,23
позволить,23
неделя,23
нарочно,23
дорога,23
вечер,23
весьма,23
баронесса,23
целый,22
уйти,22
смеяться,22
сердце,22
разумеется,22
ответить,22
некоторый,22
кричать,22
именно,22
жизнь,22
выигрыш,22
бросить,22
бог,22
билет,22
чуть,21
хотеться,21
форма,21
увидеть,21
убить,21
третий,21
разве,21
образ,21
наверное,21
история,21
игорный,21
долго,21
глупый,21
англичанин,21
tu,21
хорошо,20
состояние,20
случиться,20
расчёт,20
рассказать,20
право,20
понять,20
подумать,20
кругом,20
золото,20
дверь,20
чрезвычайно,19
хотя,19
удар,19
сей,19
пожалуй,19
оставить,19
куда,19
конец,19
завтра,19
броситься,19
брать,19
успеть,18
странно,18
слышать,18
сердиться,18
сегодня,18
разговор,18
прогнать,18
прежний,18
обер-кельнер,18
нельзя,18
назад,18
маленький,18
крупереть,18
карман,18
зачем,18
желать,18
давно,18
вовсе,18
un,18
телеграмма,17
сначала,17
равно,17
отправиться,17
нужный,17
голос,17
глядеть,17
глава,17
александрович,17
шаг,16
удивление,16
тон,16
серьёзно,16
пройти,16
повторять,16
мать,16
иной,16
замечать,16
женщина,16
дрожать,16
домой,16
давать,16
бывать,16
больший,16
батюшка,16
уверенный,15
согласиться,15
смех,15
сила,15
получить,15
показаться,15
поехать,15
никакой,15
начало,15
настоящий,15
матушка,15
марфа,15
князь,15
иначе,15
закричать,15
ехать,15
давеча,15
встретить,15
войти,15
аллея,15
mais,15
je,15
эдакий,14
чёрный,14
чувство,14
умереть,14
улыбка,14
спрашивать,14
скоро,14
решиться,14
рассчитывать,14
рассказывать,14
прощать,14
прасковья,14
позвать,14
подле,14
ощущение,14
остановиться,14
нечего,14
мало,14
касаться,14
долг,14
готовый,14
высокий,14
врать,14
бояться,14
que,14
monsieur,14
la,14
часто,13
сряду,13
собственный,13
семейство,13
проговорить,13
подойти,13
плечо,13
отчасти,13
отношение,13
окончательно,13
объявить,13
обед,13
наследство,13
надежда,13
зал,13
заговорить,13
дух,13
держать,13
двести,13
вполне,13
восемь,13
воротиться,13
вместо,13
вероятно,13
больной,13
богатый,13
ясно,12
шанс,12
читать,12
ходить,12
ум,12
уехать,12
тётушка,12
твой,12
сюда,12
столько,12
старый,12
слушать,12
раб,12
проиграться,12
поразить,12
передать,12
перебить,12
оставаться,12
особый,12
особенный,12
ожидать,12
обращаться,12
оба,12
никто,12
немного,12
наслаждение,12
над,12
москва,12
маркиз,12
колесо,12
квартира,12
известный,12
затем,12
жить,12
главное,12
выражение,12
впечатление,12
вообще,12
вздор,12
важный,12
быстро,12
шляпа,11
шлангенберг,11
через,11
французик,11
уходить,11
утром,11
утро,11
уметь,11
степень,11
серьёзный,11
публика,11
признаться,11
приехать,11
прежде,11
представить,11
поступок,11
показать,11
поглядеть,11
окно,11
обыкновение,11
несчастный,11
несмотря,11
недоумение,11
наверно,11
менее,11
лестница,11
кабинет,11
имя,11
известно,11
известие,11
здешний,11
желание,11
досада,11
далее,11
выслушать,11
верить,11
барышня,11
le,11
чрезвычайный,10
черта,10
умный,10
улыбаться,10
уезжать,10
удовольствие,10
удивительный,10
тридцать,10
теперешний,10
схватить,10
средний,10
скорее,10
скандал,10
рулетенбург,10
разом,10
понравиться,10
положение,10
полиция,10
подходить,10
по-русски,10
платье,10
отдать,10
ответ,10
объяснить,10
объяснение,10
нужно,10
номер,10
новый,10
необыкновенный,10
лошадь,10
куча,10
крик,10
искренно,10
зато,10
записка,10
довольный,10
громко,10
гомбург,10
вчерашний,10
вода,10
вместе,10
видимо,10
вечером,10
вагон,10
банк,10
pas,10
outchitel,10
a,10
шесть,9
часть,9
характер,9
французишка,9
ужасный,9
убеждённый,9
счастие,9
россия,9
решительный,9
рассматривать,9
пуант,9
проходить,9
проставить,9
проигрыш,9
принадлежать,9
приказать,9
презрение,9
посылать,9
послать,9
поезд,9
палка,9
негодование,9
найти,9
мнение,9
мелкий,9
любовь,9
кончиться,9
клясться,9
капитал,9
значительный,9
зала,9
забыть,9
достоинство,9
добрый,9
диван,9
далёкий,9
гулять,9
город,9
выигрывать,9
второй,9
встреча,9
восемьдесят,9
во-первых,9
влияние,9
велеть,9
veuve,9
trente,9
mon,9
язык,8
шептать,8
число,8
честь,8
цифра,8
цель,8
филиппович,8
удивляться,8
толкать,8
то-то,8
счёт,8
сумасшедший,8
ступать,8
спасти,8
сон,8
слуга,8
следовать,8
сильный,8
сестра,8
семь,8
рад,8
рабство,8
пускаться,8
прочее,8
протянуть,8
против,8
произнести,8
прожить,8
принимать,8
предлагать,8
потребовать,8
потерять,8
помиловать,8
положить,8
половина,8
поклониться,8
пока,8
побежать,8
плохой,8
перевести,8
останавливаться,8
окончательный,8
обыкновенный,8
обернуться,8
ночь,8
нищий,8
немецкий,8
намерение,8
надеяться,8
многое,8
мимо,8
милостивый,8
марья,8
луидор,8
купить,8
круперо,8
извинение,8
из-за,8
зуб,8
зельма,8
звать,8
захватить,8
заплатить,8
занимать,8
живой,8
жаль,8
единственно,8
едва,8
душа,8
дурак,8
государь,8
господь,8
гораздо,8
гнев,8
выкупить,8
возвращаться,8
внимание,8
вещь,8
бумажка,8
une,8
si,8
rouge,8
il,8
comme,8
ce,8
c'est,8
экий,7
частый,7
французский,7
учитель,7
упасть,7
указывать,7
уверить,7
тюрьма,7
талер,7
страсть,7
средство,7
способный,7
спокойно,7
соскочить,7
сопровождать,7
смешной,7
скрывать,7
скамейка,7
семьсот,7
семьдесят,7
свёртка,7
рядом,7
ряд,7
рубль,7
род,7
ровно,7
решить,7
расспрашивать,7
раздражительный,7
пятнадцать,7
пустить,7
прошептать,7
простить,7
проклятый,7
проигрывать,7
причина,7
пристальный,7
порядок,7
попросить,7
полячка,7
подать,7
письмо,7
перед,7
парка,7
оттенок,7
откровенный,7
остановить,7
остальной,7
оказаться,7
ожидание,7
обещать,7
обедать,7
нянюшка,7
ненавистный,7
немедленно,7
нелепый,7
неизвестно,7
находиться,7
насчёт,7
наблюдать,7
монсиньор,7
молчать,7
молча,7
молодой,7
лето,7
лежать,7
куш,7
кофе,7
кое-как,7
кликнуть,7
как-нибудь,7
интересоваться,7
интерес,7
избегать,7
золотой,7
захохотать,7
засмеяться,7
заботиться,7
да-с,7
губа,7
генеральский,7
вынуть,7
выдержать,7
вспомнить,7
вслух,7
вроде,7
вперёд,7
возможность,7
вниз,7
видно,7
весёлый,7
вежливый,7
василиевич,7
близкий,7
беспрерывно,7
банковый,7
антонид,7
passe,7
n'est,7
я-то,6
этаж,6
шестнадцать,6
шепнуть,6
швейцария,6
чужой,6
чувствовать,6
четверть,6
чемодан,6
федосья,6
факт,6
умолять,6
ударить,6
угодный,6
туда,6
требовать,6
точный,6
толпа,6
толк,6
терпеть,6
сын,6
существо,6
сухо,6
сумма,6
судьба,6
строго,6
страх,6
старуха,6
стараться,6
сперва,6
сообщить,6
собственно,6
смешно,6
сметь,6
сесть,6
семейный,6
село,6
сволочь,6
самолюбие,6
решаться,6
рассердиться,6
разменять,6
прочесть,6
произвести,6
пробовать,6
приходить,6
пристально,6
припоминать,6
пригодиться,6
презрительно,6
появиться,6
похожий,6
поступить,6
порядочный,6
поручение,6
поминутно,6
полчаса,6
полный,6
покамест,6
позволять,6
подняться,6
поднять,6
повторить,6
поверьте,6
пить,6
писать,6
переходить,6
перестать,6
пан,6
очевидный,6
отчаяние,6
отойти,6
откуда,6
отказаться,6
отвести,6
осмотреть,6
оно,6
около,6
однажды,6
одетый,6
няня,6
ничто,6
нетерпение,6
неприятность,6
немой,6
немец,6
напротив,6
написать,6
называться,6
наблюдение,6
мир,6
милый,6
менять,6
любопытство,6
куда-то,6
кто-то,6
кто-нибудь,6
кошелёк,6
коридор,6
компания,6
кивнуть,6
итак,6
зря,6
зритель,6
знакомый,6
застенчивый,6
занять,6
закружиться,6
заговаривать,6
дуэль,6
длинный,6
дикий,6
дама,6
далеко,6
глупо,6
где-нибудь,6
выходка,6
выразиться,6
вызывать,6
вскочить,6
воспоминание,6
воскликнуть,6
воля,6
волнение,6
внимательно,6
внизу,6
влюбить,6
верно,6
бред,6
болезнь,6
беспокоиться,6
белый,6
ах,6
аль,6
mille,6
manque,6
ja,6
eh,6
du,6
des,6
bien,6
экипаж,5
эдак,5
шутка,5
школьничество,5
шарик,5
целовать,5
цвет,5
хохотать,5
фрак,5
фраза,5
фантазия,5
ухо,5
употребить,5
унылый,5
удовлетворение,5
удивиться,5
убеждение,5
труд,5
терять,5
таковой,5
тайна,5
сыскать,5
существовать,5
суметь,5
суетиться,5
стыдно,5
стул,5
струсить,5
страшно,5
старший,5
спустя,5
спор,5
спокойствие,5
сорок,5
сомневаться,5
снять,5
слыхать,5
случаться,5
слеза,5
следить,5
скверный,5
система,5
сильно,5
сзади,5
свидетель,5
сверх,5
свадьба,5
рот,5
резкий,5
редко,5
расстаться,5
расслышать,5
распорядиться,5
расплатиться,5
разъяснить,5
радость,5
рада,5
пусть,5
пустой,5
просьба,5
происходить,5
прогулка,5
прислать,5
приличный,5
прилично,5
приглашение,5
привязаться,5
прибить,5
преимущественно,5
предложить,5
правый,5
появление,5
почтительный,5
почему-то,5
потеряться,5
послушать,5
получать,5
полтора,5
показывать,5
пожать,5
подскочить,5
подробность,5
подозревать,5
подлый,5
поговорить,5
повернуться,5
поверить,5
по-французски,5
плохо,5
перенести,5
перейти,5
переводить,5
парк,5
ошибаться,5
отыскать,5
отходить,5
отсюда,5
откровенно,5
отвращение,5
отворить,5
осматривать,5
опомниться,5
опасно,5
обратить,5
носильщик,5
никак,5
нестерпимый,5
необыкновенно,5
необходимый,5
ненавидеть,5
некогда,5
неизвестный,5
начаться,5
насмешливый,5
монета,5
мгновение,5
махнуть,5
любезный,5
ложиться,5
лично,5
крыльцо,5
крепко,5
корысть,5
кончить,5
конторщик,5
коляска,5
князёк,5
катастрофа,5
карандаш,5
исчезнуть,5
исступление,5
имение,5
изящный,5
изумление,5
изволить,5
идея,5
злоба,5
заставить,5
заключить,5
заклад,5
загребать,5
завертеться,5
забота,5
жид,5
еда,5
драться,5
доложить,5
джентльмен,5
деньга-то,5
дальнейший,5
грудь,5
груда,5
гора,5
глубокий,5
генеральша,5
галстук,5
высказать,5
выехать,5
выгнать,5
вурмергельм,5
всь,5
встречаться,5
встретиться,5
встать,5
вставать,5
волос,5
во-вторых,5
видать,5
вести,5
весело,5
великолепный,5
великий,5
вексель,5
бывший,5
бумажник,5
бровь,5
берлин,5
безобразный,5
аббат,5
votre,5
quarante,5
nous,5
les,5
est,5
en,5
du-placet,5
cher,5
cent,5
bete,5
эффект,4
это-то,4
щека,4
чуть-чуть,4
чудесный,4
честный,4
честность,4
честной,4
чай,4
хныкать,4
фунт,4
француженка,4
франкфурт,4
фонтан,4
фатер,4
учёный,4
участь,4
участвовать,4
установиться,4
услышать,4
услуга,4
умирать,4
ужас,4
удивлённый,4
удивительно,4
уверять,4
уважение,4
тысячефранковый,4
ты-то,4
тут-то,4
трудно,4
тревога,4
точь-в-точь,4
точка,4
толстый,4
толкаться,4
тихо,4
сходить,4
способ,4
сопоставление,4
солгать,4
согласный,4
советовать,4
совершенный,4
собираться,4
смерть,4
служить,4
сиять,4
секунда,4
сезон,4
сделаться,4
свет,4
сверкать,4
сад,4
роль,4
родиться,4
речь,4
резко,4
расстроить,4
рассказ,4
располагать,4
рано,4
различить,4
разговаривать,4
разглядеть,4
радоваться,4
ради,4
путешествовать,4
пуститься,4
прыгать,4
протесниться,4
проигрываться,4
продолжение,4
провозгласить,4
приятно,4
приходиться,4
притом,4
прислуга,4
приказывать,4
привезти,4
прервать,4
предчувствовать,4
предупредить,4
предположить,4
превосходный,4
почтительно,4
постоять,4
постоянно,4
постель,4
постараться,4
посредник,4
поспешить,4
посметь,4
посетитель,4
поправить,4
помещение,4
полячок,4
поляк,4
пользоваться,4
положим,4
полагать,4
пожелать,4
пожалуйста,4
поездка,4
подымить,4
подхватить,4
подождать,4
подобный,4
подарить,4
по-моему,4
плакать,4
петух,4
петербург,4
передавать,4
паспорт,4
пасмурный,4
ощущать,4
отыграться,4
отчётливо,4
отчёт,4
отчим,4
отстать,4
отставка,4
открыться,4
отечество,4
отец,4
останавливать,4
оскорбить,4
окружающий,4
оглядывать,4
обязать,4
обыкновенно,4
общий,4
обрадоваться,4
оборотиться,4
оборот,4
обойтись,4
обнимать,4
нравиться,4
носить,4
нос,4
нетерпеливый,4
нести,4
неподвижно,4
необходимость,4
недавно,4
невероятный,4
небольшой,4
начинаться,4
начальство,4
натуральный,4
наплевать,4
намерить,4
намеренный,4
навсегда,4
наверх,4
многие,4
мелькнуть,4
маменька,4
лёгкий,4
лорд,4
лес,4
легкомысленный,4
коридорный,4
колпак,4
книга,4
кланяться,4
каморка,4
извинить,4
значить,4
здравствуйте,4
захотеться,4
заставлять,4
запечатать,4
замолчать,4
замечательный,4
задумчиво,4
задавать,4
загадка,4
зависеть,4
забывать,4
забава,4
жениться,4
жар,4
жалоба,4
ездить,4
дура,4
дружеский,4
доходить,4
достойный,4
достаться,4
долгий,4
доказать,4
дойти,4
довести,4
дескать,4
делаться,4
девять,4
девушка,4
девка,4
грязь,4
грустно,4
грубый,4
грубо,4
граф,4
граница,4
господин,4
гордый,4
глупость,4
где-то,4
выскочить,4
вынимать,4
вынести,4
вызов,4
вызвать,4
выводить,4
вы-то,4
вслед,4
впадать,4
воскреснуть,4
воротить,4
воровать,4
волноваться,4
возможно,4
возбудить,4
внести,4
влюбиться,4
власть,4
вино,4
винить,4
вздумать,4
везде,4
быстрый,4
болеть,4
богато,4
бледный,4
бешенство,4
бестолковый,4
бесполезно,4
бедный,4
бабка,4
wohl,4
vous,4
vieille,4
tombee,4
te,4
suis,4
sais-tu,4
oui,4
noir,4
jeu,4
hortense,4
generale,4
francs,4
es,4
donc,4
dis,4
d'angleterre,4
ca,4
являться,3
щелчок,3
шёлковый,3
шум,3
шея,3
шестьдесят,3
четыреста,3
четкать,3
чей-то,3
церковь,3
церемониться,3
целое,3
хозяин,3
ход,3
ха-ха-ха,3
фёдор,3
фигура,3
фантастический,3
учить,3
устроить,3
устроенный,3
устремить,3
устать,3
уставиться,3
усмехнуться,3
усесться,3
употреблять,3
упоминать,3
унижение,3
умоляющий,3
улица,3
указать,3
угол,3
уверенность,3
убедить,3
тянуть,3
трусить,3
триумф,3
тринадцать,3
тревожиться,3
толчок,3
толкнуть,3
тогдашний,3
тихий,3
течение,3
терпение,3
театр,3
тараторить,3
табльдот,3
существование,3
сухой,3
сутки,3
судить,3
стыдиться,3
строчка,3
страстный,3
страстно,3
стоя,3
стопка,3
старое,3
спустить,3
справиться,3
спорить,3
спина,3
спешить,3
сотня,3
состоять,3
сообразить,3
соображение,3
сомнение,3
солдат,3
соединиться,3
совестно,3
собраться,3
собирать,3
сношение,3
снова,3
смуглый,3
слушаться,3
случайно,3
следственно,3
слегка,3
славный,3
скучный,3
скучно,3
скрыться,3
скромно,3
скомпрометировать,3
семья,3
секретарь,3
седой,3
сегодняшний,3
сдержать,3
связать,3
свысока,3
сводить,3
сбить,3
сбивать,3
сбегать,3
сахаровар,3
рулеточный,3
ругательство,3
родственница,3
родственник,3
родня,3
родный,3
резка,3
редкий,3
расчётливый,3
растолковать,3
рассыпаться,3
рассуждать,3
расставить,3
рассеянный,3
распространяться,3
распоряжаться,3
разориться,3
разный,3
различать,3
раздражить,3
раздаться,3
развязать,3
развернуть,3
разбойник,3
равнодушный,3
пятый,3
пятипроцентный,3
птица,3
прощение,3
прошлый,3
прочий,3
прохожий,3
протягивать,3
простой,3
просовывать,3
просвистаться,3
пропасть,3
происшествие,3
произойти,3
продать,3
проговориться,3
проводить,3
приём,3
припадок,3
приняться,3
принудить,3
приключение,3
приказание,3
прийтись,3
признак,3
приглашать,3
прибыть,3
прерывать,3
пренебрежение,3
прекрасный,3
предупреждать,3
предпочесть,3
предполагать,3
превышать,3
пощадить,3
пошлый,3
почесть,3
поцеловать,3
порой,3
порода,3
понятно,3
понести,3
помочь,3
помогать,3
полячишка,3
польский,3
пол,3
покончить,3
поколение,3
поклон,3
поздравлять,3
позабыть,3
подымать,3
подло,3
подлец,3
подивиться,3
подвиг,3
подверженный,3
подавать,3
погубить,3
погибший,3
погибнуть,3
повести,3
по-прежнему,3
плюнуть,3
платить,3
переговорить,3
перевод,3
перевернуть,3
пачка,3
паньск,3
память,3
падчерица,3
падкий,3
ошибиться,3
очнуться,3
очки,3
очистить,3
отыскивать,3
отъезд,3
оттого-то,3
оттого,3
отсчитать,3
относительно,3
открыть,3
откровенность,3
откатить,3
отказываться,3
отделываться,3
отвлечь,3
оставлять,3
особа,3
осматриваться,3
оскорбление,3
осведомиться,3
опека,3
она-то,3
олух,3
озаботить,3
одиннадцать,3
обыденный,3
общество,3
обругать,3
обращение,3
оборачиваться,3
обижаться,3
обидный,3
обещаться,3
обвинять,3
нынешний,3
ну-с,3
ножка,3
нечто,3
нечаянно,3
неудача,3
нервный,3
неприятный,3
неприличный,3
ненависть,3
неистовый,3
недурно,3
недостойный,3
недалеко,3
недавний,3
невольно,3
невозможный,3
небрежный,3
небрежно,3
небось,3
неблагородный,3
неблагодарный,3
находить,3
нахальный,3
наступать,3
настаивать,3
наскоро,3
народ,3
напоминать,3
наменять,3
найтись,3
называть,3
назвать,3
нажить,3
наделать,3
надвое,3
наведываться,3
мораль,3
молчание,3
множество,3
минутка,3
мешать,3
мерзавец,3
малый,3
любопытно,3
любезность,3
лишить,3
личность,3
лечь,3
лететь,3
лезть,3
левый,3
куда-нибудь,3
крыша,3
крутой,3
крупный,3
круперы,3
круперов,3
кружиться,3
кровь,3
красота,3
красивый,3
котора,3
конченый,3
комп,3
кой-какой,3
когда-нибудь,3
книжка,3
кельнер,3
кафе,3
карта,3
каковой,3
кавалькада,3
ишь,3
истратить,3
истинный,3
истерика,3
испугаться,3
испуг,3
искать,3
иль,3
изменять,3
изменить,3
изломанный,3
избавить,3
зрелище,3
знатный,3
знакомство,3
здоровье,3
захотеть,3
захлопотать,3
заснуть,3
засесть,3
заранее,3
запомнить,3
запереться,3
запереть,3
занятие,3
заносчивый,3
замуж,3
замирать,3
замечание,3
закурить,3
закрыть,3
зайти,3
зажечь,3
задать,3
загреб,3
завидеть,3
завещание,3
завести,3
жалкий,3
жалеть,3
ей-богу,3
дурной,3
достигнуть,3
достать,3
дорого,3
домашний,3
договорить,3
догнать,3
доверчивый,3
добродетельный,3
добро,3
держаться,3
девица,3
двинуть,3
двенадцатый,3
гуляние,3
грязно,3
грозно,3
графиня,3
городишко,3
гореть,3
гордо,3
гоноровый,3
гинец,3
гейн,3
выход,3
выставить,3
выразить,3
выпучить,3
выдавать,3
выгодно,3
вывести,3
выбежать,3
входить,3
втрое,3
встречать,3
вспоминать,3
всматриваться,3
впоследствии,3
вот-вот,3
восемнадцать,3
вор,3
возражение,3
возле,3
возвратиться,3
возвратить,3
вновь,3
внимательный,3
вкус,3
вихрь,3
видный,3
взяться,3
взглянуть,3
весь-то,3
великолепно,3
везти,3
вдвое,3
валяться,3
важность,3
важно,3
бывало,3
бумага,3
будущее,3
бросаться,3
брат,3
брак,3
бормотать,3
болтовня,3
благородный,3
бить,3
бесчисленный,3
беспокойство,3
беспокоить,3
безумный,3
бездна,3
бегать,3
барыня,3
бабулёнька,3
аристократичный,3
амальхен,3
альберт,3
vrai,3
veux,3
verras,3
tres,3
terrible,3
russes,3
russe,3
quatre,3
pauvre,3
pair,3
o,3
non,3
ne,3
messieurs,3
m-r,3
m-me,3
j'ai,3
grande,3
gagne,3
etais,3
enfance,3
elle,3
diable,3
comtesse,3
comte,3
cinquante,3
baboulinka,3
avec,3
apres,3
ярость,2
ярко,2
явный,2
явно,2
юлить,2
эффектный,2
эксцентричный,2
эксцентрический,2
эдакий-то,2
щегольск,2
шутить,2
школьничать,2
широкий,2
шик,2
шествие,2
шевелиться,2
швейцар,2
чулок,2
чудо,2
чистый,2
чинно,2
четвёртый,2
чепчик,2
чей,2
чашка,2
часы,2
цинический,2
церемония,2
целковый,2
цветок,2
хохот,2
хлопоты,2
хладнокровно,2
хитрый,2
хвост,2
хватать,2
хвалить,2
франция,2
форсить,2
физиономия,2
фатереть,2
фамилия,2
учиться,2
участник,2
участие,2
утренний,2
утопать,2
утонченность,2
устроиться,2
усталый,2
устав,2
успокоиться,2
успокоить,2
успевать,2
усовестить,2
усмехаться,2
условие,2
усиленно,2
ус,2
упрямство,2
упрекать,2
управлять,2
употребляться,2
унизить,2
умильно,2
украсть,2
узнавать,2
удостоить,2
удобный,2
удивить,2
удвоить,2
удвоенный,2
удаться,2
угадывать,2
угадать,2
увязаться,2
увидать,2
убитый,2
убираться,2
убеждать,2
тщеславие,2
трястись,2
трус,2
троюродный,2
трогательный,2
трепетать,2
тревожить,2
трата,2
тосковать,2
тоска,2
торопливо,2
торжество,2
тонкий,2
теснота,2
тесниться,2
теснить,2
теория,2
телеграмма-то,2
тащить,2
таинственный,2
сюртук,2
счесть,2
счастливый,2
схоронить,2
сунуть,2
сударь,2
стыдливый,2
стучать,2
стукнуть,2
стук,2
стелиться,2
статься,2
старушка,2
старичок,2
становиться,2
ссыпать,2
среди,2
срамить,2
сразу,2
справедливо,2
спохватиться,2
способность,2
спокойный,2
спальня,2
спа,2
составить,2
соседний,2
сорокалетний,2
сорвать,2
сопутствовать,2
соображать,2
соломинка,2
солнце,2
сокол,2
сойтись,2
сознаться,2
сознание,2
сознавать,2
соглашаться,2
совещаться,2
совет,2
совесть,2
совершить,2
соваться,2
событие,2
собрать,2
смущаться,2
смущать,2
смесь,2
сменяться,2
смелый,2
слушайте,2
слух,2
служба,2
следовательно,2
слагаться,2
скупой,2
скромный,2
скрежетать,2
скороговорка,2
скопить,2
складывать,2
сквозь,2
сквер,2
скакать,2
сие,2
сидя,2
сидеться,2
сжать,2
сердитый,2
северный,2
святой,2
связывать,2
своенравие,2
свеча,2
свежий,2
сведение,2
самодовольный,2
рулетенбургский,2
руководить,2
ругать,2
роща,2
ротшильд,2
рост,2
розовый,2
родственный,2
рисковать,2
риск,2
рейн,2
регулярно,2
расхохотаться,2
расход,2
растворить,2
рассчитываться,2
рассчитать,2
рассуждение,2
рассудок,2
рассудить,2
рассмотреть,2
расслабить,2
рассказываться,2
рассеянно,2
рассвет,2
расположение,2
распекать,2
раскаиваться,2
ранний,2
разряд,2
разразиться,2
разобрать,2
размазывать,2
разлететься,2
раздумывать,2
раздумать,2
раздражение,2
раздавать,2
разглядывать,2
развязность,2
развязка,2
развязаться,2
развлечение,2
развалиться,2
развалины,2
разбросать,2
разбогатеть,2
радостный,2
равнодушно,2
рабский,2
пьяный,2
пух,2
путь,2
путешественник,2
пустяк,2
пускать,2
прямой,2
пруссия,2
прошлое,2
прошедшее,2
прочь,2
проч,2
процесс,2
процент,2
противоречить,2
противно,2
просто-запросто,2
простейшее,2
проснуться,2
просидеть,2
просадить,2
проникнуть,2
промчаться,2
промолчать,2
промолвить,2
пролететь,2
пройтись,2
проехать,2
продавать,2
провести,2
проверить,2
пробыть,2
приятель,2
присутствие,2
приступить,2
пристать,2
присоединиться,2
присесть,2
приниматься,2
принести,2
принадлежащий,2
примечать,2
приличие,2
приключиться,2
приказ,2
признать,2
признание,2
приезжать,2
приезд,2
приданое,2
приготовиться,2
пригласить,2
привычка,2
приблизиться,2
прибавиться,2
претендовать,2
прерываться,2
презрительный,2
презирать,2
предчувствие,2
предстоящий,2
представлять,2
предположение,2
предназначить,2
предмет,2
предложение,2
православный,2
почтительность,2
почтенный,2
похвалить,2
поутру,2
посылка,2
посторонний,2
посредине,2
посол,2
послушаться,2
посвататься,2
посадить,2
поругаться,2
попытать,2
попробовать,2
поправлять,2
пополам,2
попадаться,2
поминать,2
помещица,2
помещаться,2
помешаться,2
помешательство,2
поместиться,2
помереть,2
поманить,2
полячковы,2
полюбить,2
полгода,2
полверста,2
покорно,2
покойница,2
покой,2
покинуть,2
показываться,2
поймать,2
познакомить,2
поздравление,2
поздравить,2
поздно,2
пожимать,2
подъезжать,2
подъезд,2
подушка,2
подтолкнуть,2
подставлять,2
подписать,2
подозрение,2
подобострастный,2
подкатить,2
подзадорить,2
поддерживать,2
повязывать,2
повстречаться,2
поворот,2
повелительный,2
поведение,2
побыть,2
побояться,2
побледнеть,2
побегушки,2
по-нашему,2
площадка,2
плевок,2
плебейский,2
план,2
питать,2
перечесть,2
перехватить,2
переставать,2
пересолить,2
перемигиваться,2
переменить,2
переговариваться,2
переглядываться,2
пахнуть,2
парфюмировать,2
пара,2
палец,2
ощутить,2
очутиться,2
очинно,2
отшатнуться,2
отчаянный,2
отталкивать,2
отсутствие,2
отрекомендовать,2
отрезать,2
отпустить,2
отправляться,2
отозваться,2
отнюдь,2
отмечать,2
открывать,2
откланяться,2
отказать,2
отзыв,2
отвязаться,2
отвориться,2
остроумно,2
осторожный,2
остолбенеть,2
осмотр,2
оскорблять,2
оригинальность,2
ореол,2
опытный,2
опустить,2
определиться,2
оправдываться,2
описывать,2
оловянный,2
озираться,2
одна-одинёшенек,2
одиннадцатый,2
одеревенеть,2
одарить,2
огромный,2
ограбить,2
огненный,2
оглядываться,2
овладеть,2
объясняться,2
объяснять,2
объясниться,2
обходиться,2
обувать,2
обступать,2
обстановка,2
обращать,2
обратно,2
обойти,2
обиженный,2
обидчивый,2
обидно,2
обеспечить,2
обворожительный,2
нуль,2
нуждаться,2
нравственный,2
новичок,2
ничтожный,2
ничтожество,2
нисколько,2
нимало,2
никуда,2
нибыть,2
нехороший,2
нетерпеливо,2
нет-нуть,2
несогласный,2
нередко,2
нерасчётливый,2
неприятно,2
неприлично,2
непреодолимый,2
непременный,2
непонятный,2
неожиданный,2
неожиданно,2
необычайный,2
немыслимо,2
некуда,2
нездоровый,2
независимо,2
нежно,2
недоставать,2
невинный,2
невеста,2
невежливый,2
неблагодарность,2
нахмуриться,2
научить,2
наутро,2
настроение,2
настежь,2
наследник,2
напрасно,2
напомадить,2
наполовину,2
напасть,2
нападение,2
нанимать,2
намёк,2
налиться,2
накопление,2
накопить,2
накинуться,2
наказать,2
наиболее,2
нажива,2
надобный,2
надеть,2
наденёк,2
наверху,2
набивать,2
мёртвый,2
мучиться,2
мучить,2
мучительный,2
мутиться,2
мусие,2
морщинка,2
моралист,2
момент,2
мокрый,2
модный,2
многочисленный,2
многий,2
младший,2
миша,2
минувший,2
миновать,2
миллион,2
мешаться,2
мечта,2
мелькать,2
медленно,2
махать,2
маркиза,2
манера,2
мальчишка,2
мало-помалу,2
любопытный,2
любезно,2
лорнет,2
лопнуть,2
лопатка,2
ловко,2
личный,2
лечить,2
летать,2
легкомыслие,2
лгать,2
лад,2
курчавый,2
курс,2
курица,2
кстати,2
крякнуть,2
крупер,2
круговорот,2
круг,2
кровать,2
крайне,2
кошка,2
костить,2
корыстный,2
короткий,2
копейка,2
конфузиться,2
контора,2
компрометировать,2
комплимент,2
комбинация,2
командовать,2
коль,2
колено,2
кожа,2
кое-что,2
княжество,2
кнут,2
клятва,2
ключ,2
клочок,2
квартировать,2
каштановый,2
катиться,2
катить,2
картуз,2
картина,2
карлик,2
кардинал,2
капельку,2
камеристка,2
казённый,2
исчезать,2
исход,2
истина,2
исполнять,2
исполнить,2
исковеркать,2
инструкция,2
имущество,2
изумиться,2
измениться,2
изложить,2
издали,2
извиняться,2
избавиться,2
из-под,2
идол,2
зрение,2
значительно,2
значение,2
знать-с,2
знак,2
злость,2
злой,2
злобно,2
зло,2
земля,2
защитить,2
защебетать,2
зашептать,2
затолкать,2
затевать,2
засуетиться,2
застать,2
заслужить,2
засверкать,2
запрещать,2
запоминать,2
занятый,2
замок,2
замешать,2
заметный,2
залог,2
заливаться,2
закружить,2
заключение,2
заключать,2
заклание,2
закладная,2
заинтересованный,2
заигрывать,2
зазубрина,2
задыхаться,2
задушить,2
задумываться,2
задумчивость,2
задуматься,2
заглядывать,2
завтрашний,2
завод,2
забыться,2
заботливо,2
забавно,2
заарестовать,2
жилет,2
жестоко,2
жертва,2
женский,2
жаловать,2
жалование,2
жадный,2
естественно,2
еретик,2
единственный,2
европеец,2
дурында,2
дурачество,2
дуга,2
дубина,2
дружба,2
дрезден,2
дочка,2
дотронуться,2
дорожка,2
дорогой,2
допускать,2
донести,2
доктор,2
докончить,2
дождь,2
доехать,2
договаривать,2
догадываться,2
догадаться,2
добыть,2
добродетель,2
джентльменский,2
десятка,2
деревянный,2
дерево,2
деревня,2
деваться,2
дебаркадер,2
де,2
даром,2
губить,2
грязный,2
грубость,2
громкий,2
грозный,2
грешный,2
готовиться,2
гость,2
горячо,2
горячка,2
гордость,2
гоппа,2
гол,2
говориться,2
гневно,2
гм,2
глубоко,2
главный,2
газета,2
гадкий,2
выше,2
высокомерный,2
выслать,2
высказаться,2
вырываться,2
выручить,2
вырвать,2
выражать,2
выпить,2
выносить,2
выкупать,2
выказать,2
выжидать,2
выдрать,2
выдать,2
выгодный,2
выбрасывать,2
вход,2
втроём,2
вступать,2
вспыхнуть,2
всплеснуть,2
вследствие,2
всеобщий,2
вряд,2
временной,2
впредь,2
вправе,2
впереди,2
вот-тот,2
восхитительный,2
восторженный,2
восторг,2
воспротивиться,2
восклицание,2
воришка,2
вопросительный,2
вообразить,2
вокруг,2
возражать,2
возносить,2
возглашать,2
возвысить,2
водиться,2
внутренний,2
владение,2
включительно,2
виноватый,2
вина,2
визировать,2
видывать,2
взыскать,2
взапуски,2
взамен,2
взаймы,2
взад,2
вечеринка,2
весёлость,2
верхний,2
верхами,2
вертеться,2
вертеть,2
верный,2
величественный,2
величавый,2
велита,2
великолепие,2
варвар,2
буря,2
бульвар,2
буйство,2
брошка,2
бросать,2
бриллиант,2
бранить,2
браво,2
больно,2
боль,2
болтун,2
болтать,2
болезненный,2
болван,2
богач,2
богатство,2
блеснуть,2
благодарность,2
благодарить,2
биться,2
беспорядочный,2
бескорыстный,2
бесконечный,2
беречь,2
бельё,2
безобразие,2
бежать,2
баул,2
барон-то,2
барин,2
барберинить,2
бараний,2
банкир,2
баден,2
бабушкин,2
астлей,2
аристократический,2
амазонка,2
актриса,2
аист,2
аббатик,2
vois-tu,2
voir,2
va,2
tout,2
toujours,2
t'aimerai,2
sortez,2
seule,2
serais,2
sera,2
se,2
quelle,2
qu'un,2
qu'est,2
princesse,2
prends,2
plus,2
philosophe,2
perdrez,2
paris,2
parce,2
oh,2
moi,2
mieux,2
lait,2
l'honneur,2
l'herbe,2
j'aurai,2
impair,2
heureux,2
general,2
fera,2
faut,2
faites,2
esclave,2
enfin,2
duchesse,2
douze,2
deux,2
d'etre,2
croyais,2
comprendre,2
cleopatre,2
chateau,2
charmante,2
cette,2
cela,2
c'etait,2
bonne,2
bonjour,2
bibi,2
as,2
alexis,2
ярмарка,1
яичница,1
язык-то,1
язвительный,1
яблонька,1
я-тот,1
юридический,1
юридически-медицинский,1
юридически,1
юнкер,1
эх,1
эффектно,1
это-с,1
энтузиазм,1
энергично,1
энергически,1
электричество,1
эксцентричность,1
экзаменовать,1
эк,1
эй,1
щепетильность,1
щекотливый,1
шут,1
шуметь,1
штука,1
шрам,1
шпионство,1
шпионить,1
школьный,1
школьнический,1
школа,1
широкоплечий,1
шесток,1
шестнадцатилетний,1
швырнуть,1
швейцарский,1
швейцаpие,1
шато,1
шататься,1
шар,1
шампанское,1
шампанский,1
шалопайничество,1
шаловливый,1
шагнуть,1
шагать,1
чёрт,1
чуть-чуть-то,1
чутко,1
чулочек,1
чуждый,1
чудной,1
чудак-англичанин,1
чудак,1
что-что,1
чтение,1
член,1
чистосердечно,1
чисто,1
чиновник,1
чинный,1
чин,1
четырнадцатый,1
чета,1
честно,1
чертовый,1
черномазый,1
червяк,1
челядь,1
человеческий,1
чей-нибудь,1
чей-либо,1
чванство,1
часовой,1
цыплёнок,1
цивилизовать,1
церемонный,1
церемонно,1
церемонничать,1
цепь,1
ценить,1
цена,1
целоваться,1
целебный,1
царить,1
царапать,1
худой,1
худо,1
худенький,1
христос,1
хороший-то,1
холодный,1
холод,1
хозяйство,1
хмуриться,1
хлыст,1
хлынуть,1
хлопотливый,1
хлопотливо,1
хлопотать,1
хлоп,1
хлестать,1
хладнокровный,1
хладнокровие,1
хватить,1
хвататься,1
харя,1
характёришка,1
характеришко,1
фут,1
фрейлейн,1
франкфуртский,1
форс,1
формулировать,1
формальный,1
формально,1
фон-барон,1
финансы,1
финал,1
фидер,1
фигляр,1
фи,1
фельетонист,1
фельетон,1
федосья-то,1
фатальный,1
фаталист,1
фатализм,1
фантастичный,1
фанатически,1
фамильярно-весёлый,1
фальшивый,1
факт-с,1
ухаживать,1
уха,1
ух,1
утроивать,1
утрешний,1
утомление,1
утешиться,1
утешить,1
утешать,1
утерпеть,1
утверждать,1
утвердительно,1
уступить,1
устройство,1
устареть,1
устаревший,1
установленный,1
уставить,1
уста,1
успеть-таки,1
усомниться,1
усмешка,1
услужиться,1
усложняться,1
усище,1
усилие,1
усиливать,1
усиленный,1
усадить,1
уронить,1
уразуметь,1
упустить,1
упускать,1
упросить,1
употребление,1
упорно,1
упор,1
упиваться,1
упереться,1
уняться,1
уныло,1
унывать,1
унизительный,1
университет,1
унести,1
умножиться,1
умно,1
умненький,1
умилительный,1
умерший,1
умерить,1
умеренный,1
умело,1
улыбнуться,1
уложить,1
улизнуть,1
улететь,1
уладить,1
укусить,1
укрепляться,1
укоризна,1
укор,1
уколоть,1
укладываться,1
указание,1
узенький,1
узел,1
ужин,1
ужаснуться,1
ужасать,1
удостоивать,1
удостовериться,1
удовлетворительно,1
удобство,1
удерживаться,1
удерживать,1
удержаться,1
удвоивать,1
удачно,1
удача,1
ударять,1
удалиться,1
угрюмый,1
угроза,1
угорелый,1
уголок,1
уголовный,1
угодливость,1
уговориться,1
уговорить,1
уговаривать,1
угловатый,1
увы,1
уволить,1
увлечь,1
увидеться,1
увиваться,1
увести,1
увековечить,1
увезти,1
уведомить,1
уважать,1
уважаемый,1
убрать,1
убийство,1
убивать,1
убежище,1
убежать,1
убедиться,1
убедительнейший,1
тётка,1
тёмный,1
тяжёлый,1
тяжесть,1
тяжеловесный,1
тяжело,1
тыкать,1
тщеславиться,1
тушь,1
турок,1
тупой,1
туго,1
труха,1
трусость,1
трусливый,1
трудиться,1
трость,1
тропинка,1
тронуться,1
тронутый,1
тройной,1
трое,1
трогаться,1
трогать,1
триста,1
тридцатипятилетний,1
трещать,1
третировать,1
треск,1
трепет,1
тревожный,1
требоваться,1
требование,1
трагический,1
трагедия,1
тот-то,1
торопиться,1
тормошить,1
торжествовать,1
торговля,1
торговаться,1
топтать,1
топнуть,1
топать,1
тоненький,1
толстота,1
толпиться,1
толком,1
толковый,1
толковать,1
той,1
тла,1
ткать,1
тихонько,1
тиски,1
типически,1
тина,1
тимофей,1
теша,1
тесный,1
тесно,1
теряться,1
терпеливый,1
тепло,1
телодвижение,1
тело,1
те'рпит,1
твёрдый,1
твёрдость,1
твёрдо,1
татарский,1
тарасевичев,1
тарабарский,1
танцевать,1
такт,1
такой-то,1
так-то,1
так-с,1
таинственно,1
сюжет,1
сызнова,1
съехаться,1
съесть,1
считаться,1
счесться,1
счастливо,1
сходиться,1
схватиться,1
сформироваться,1
сущность,1
суша,1
сурово,1
супруг,1
сундук,1
сумасшествие,1
сукно,1
сука,1
суеверие,1
судорожный,1
судорога,1
судебный,1
сударыня,1
су,1
стушеваться,1
ступень,1
стукать,1
строптивый,1
стройный,1
строить,1
стрелять,1
страшный,1
странность,1
страдать,1
столько-то,1
столпиться,1
столкнуться,1
столик,1
столечко,1
столетний,1
столбняк,1
столбик,1
столб,1
стиснуть,1
стечение,1
стесняться,1
стесниться,1
стекаться,1
статуэтка,1
старость,1
старик,1
станция,1
ставить-то,1
ссужать,1
срок,1
срезать,1
средина,1
среда,1
сравнить,1
сравнительно,1
сравнивать,1
сравнение,1
спуститься,1
спускать,1
спрячь,1
спрос,1
спрашиваться,1
справа,1
спорный,1
сподручный,1
сплетник,1
сплеснуть,1
спешный,1
спать,1
спасибо,1
спасение,1
спасаться,1
сошкольничать,1
сочувствовать,1
сохранить,1
сохнуть,1
сотый,1
сосчитаться,1
сосчитать,1
состояться,1
состав,1
сосредоточиться,1
соскучиться,1
соседка,1
сорочка,1
сор,1
сопливый,1
солидный,1
солидно,1
сокровенный,1
сойти,1
сознать,1
созерцать,1
создать,1
сожительство,1
сожалеть,1
соединяться,1
содрать,1
согнуться,1
согнуть,1
совокупность,1
совмещать,1
советник,1
совеститься,1
совершиться,1
совершение,1
совать,1
собственноличный,1
собрание,1
соблюдаться,1
сноситься,1
сниться,1
снисходительный,1
снимать,1
снести,1
снеговой,1
снег,1
снаружи,1
снабдить,1
смущение,1
смутно,1
смугло-жёлтый,1
смочить,1
смертный,1
смелость,1
смекнуть,1
смахивать,1
слюнять,1
слышный,1
слышаться,1
случайный,1
служанка,1
сложить,1
сло'в,1
следующий,1
следок,1
слева,1
сладостный,1
слава,1
слабый,1
скрючить,1
скрыть,1
скрыпит,1
скрываться,1
скромность,1
скроить,1
скрипучий,1
скрестить,1
скрести,1
скорбный,1
скопляться,1
сконфузиться,1
скомкать,1
сколько-нибудь,1
склоняться,1
склонять,1
склонный,1
склонить,1
складываться,1
складный,1
скверна,1
скандальный,1
скамья,1
скалдырный,1
сияние,1
ситцевый,1
сиплый,1
синь,1
синий,1
силиться,1
серьёзность,1
середина,1
серебряный,1
сердить,1
сердито,1
сердечный,1
сердечно,1
сентенция,1
сенной,1
семнадцатый,1
семидесятипятилетний,1
семидесятилетний,1
семейно,1
секретный,1
седьмой,1
седеть,1
сеpебp,1
сдуру,1
сдержанный,1
сдержанность,1
сдача,1
сдаваться,1
сгубить,1
свёрток,1
связь,1
связываться,1
связаться,1
сволочь-то,1
свободный,1
свобода,1
свита,1
свирепо,1
свечка,1
светло-серый,1
светило,1
сверчок,1
свернуть,1
сверкнуть,1
свататься,1
сбор,1
сбираться,1
сбиваться,1
сбежать,1
сбавить,1
сахарный,1
саркастически,1
сановитый,1
санки,1
самый-то,1
самоуверенность,1
самостоятельность,1
самоотравление,1
самодовольство,1
самодовольствие,1
самодовольно,1
самовольно,1
сам-то,1
салонный,1
салон,1
саксонский,1
садиться,1
рядить,1
рюмка,1
рыскать,1
рысий,1
рыжий,1
рыжеть,1
рыдание,1
ручка,1
ручей,1
рутинный,1
румяный,1
руководствоваться,1
руководитель,1
рука-нога,1
ружьё,1
ругаться,1
рояль,1
рослый,1
роскошь,1
роскошный,1
роман,1
роковой,1
розыгрыш,1
родственность,1
родина,1
рог,1
робко,1
рискнуть,1
римский,1
рим,1
решимость,1
решение,1
решать,1
ретироваться,1
ресторан,1
ресница,1
ремесло,1
рекомендовать,1
рекомендательный,1
результат,1
резон,1
резвый,1
регулярность,1
революция,1
ревность,1
ревностно,1
ревновать,1
ребёнок-то,1
рвать,1
расчувствоваться,1
расчесть,1
расходиться,1
расхаживать,1
растреклятый,1
растратить,1
расточительный,1
расточать,1
растереть,1
рассчитаться,1
расстояние,1
расставаться,1
расспрос,1
рассмеяться,1
рассмешить,1
расположить,1
расплачиваться,1
распечатать,1
распекательный,1
распасться,1
раскусить,1
раскрыть,1
раскланиваться,1
раскаяние,1
расино,1
рапорт,1
разъясниться,1
разрядить,1
разрывать,1
разрушить,1
разрешиться,1
разрешить,1
разрешать,1
разочаровать,1
разорить,1
разорвать,1
разозлиться,1
разозлить,1
разодетый,1
разница,1
размер,1
размахнуться,1
разлюбить,1
разлука,1
различный,1
различие,1
разиня-то,1
разинуть,1
раззадорить,1
разжимать,1
разживаться,1
раздумье,1
раздуматься,1
раздробить,1
раздражительность,1
раздражаться,1
раздражать,1
разделываться,1
разделить,1
раздеваться,1
раздаваться,1
разграфить,1
разгорячиться,1
разговориться,1
разгневать,1
развёртывать,1
развлечь,1
развлекать,1
развесёлый,1
развернуться,1
разбудить,1
разбитый,1
разбирать,1
разахаться,1
радушно-семейный,1
радушно,1
радостно,1
радикальный,1
радикально,1
равнять,1
равномерно,1
равнодушие,1
рабски,1
работать,1
работа,1
р,1
пёстрый,1
пятьсот,1
пятница,1
пятидесятью,1
пышный,1
пышно,1
пытливый,1
пылкость,1
пылкий,1
пускай,1
пункт,1
пуля,1
пузырь,1
пугаться,1
пугать,1
публично,1
птичка,1
прятаться,1
прусский,1
пруссак,1
прощелыга,1
прощаться,1
прощание,1
прочить,1
процентщик,1
профершпилить,1
проучить,1
протянуться,1
протягиваться,1
противоположный,1
противоположность,1
противный,1
протест,1
простоять,1
просторный,1
простор,1
проститься,1
просмотреть,1
прослезиться,1
просвистать,1
прорываться,1
пропустить,1
пропорциональный,1
пропись,1
проносить,1
проникнутый,1
пронзить,1
пронзать,1
пронести,1
промышленник,1
промысл,1
променад,1
промен,1
прокричать,1
прокочевать,1
прокатить,1
произношение,1
проигpать,1
прозрачный,1
проектироваться,1
проект,1
проезжий,1
проезжать,1
продолжаться,1
проделка,1
продежурить,1
продажа,1
прогуливаться,1
прогуливать,1
прогресс,1
прогонять,1
проголодаться,1
проговариваться,1
проваляться,1
провалиться,1
пробраться,1
пробормотать,1
приятный,1
причём,1
причислять,1
прицелиться,1
приход,1
притрогиваться,1
притвориться,1
присутствовать,1
приступать,1
присмотреться,1
присматриваться,1
присматривать,1
природа,1
приревновать,1
прирасти,1
припомнить,1
приостанавливаться,1
приосаниться,1
приобщать,1
приобретение,1
приобретать,1
приобрести,1
принц,1
принудить-таки,1
приноравливаться,1
приниженность,1
принадлежность,1
приметно,1
примета,1
пример,1
прилив,1
прилечь,1
приласкаться,1
приласкать,1
прикрыть,1
прикоснуться,1
прикомандироваться,1
прикидывать,1
прикатить,1
приискать,1
признательный,1
признанный,1
приз,1
прижимать,1
придерживаться,1
придать,1
придаточный,1
придание,1
придавить,1
придавать,1
пригрести,1
приговорить,1
приговаривать,1
привязываться,1
привыкнуть,1
приводить,1
привлечение,1
привлекать,1
привести,1
прибытие,1
прибыль,1
приближение,1
приближаться,1
прибежать,1
прибегать,1
претензия,1
преступник,1
преступление,1
престиж,1
препровождение,1
премия,1
прельщаться,1
прельщать,1
прельститься,1
прелестный,1
преклоняться,1
преимущество,1
преемственный,1
предчувствоваться,1
предугадывать,1
предугадать,1
предуведомить,1
предстоять,1
представляться,1
представление,1
представиться,1
предрассудок,1
предостеречь,1
предосадный,1
предобрый,1
предвзятый,1
предварительно,1
преглупый,1
прегадко,1
превращаться,1
пребыть,1
правильно,1
пояснить,1
пояснение,1
пояс,1
появляться,1
поэтический,1
поэт,1
пощёчина,1
пошлость,1
почувствовать,1
почему-либо,1
похоже,1
походка,1
похвастать,1
поучительный,1
потягаться,1
потолок,1
потихоньку,1
потечь,1
потерянный,1
потащиться,1
потащить,1
посыпаться,1
постучать,1
поступать,1
пострадать,1
постоянный,1
постоялый,1
постлать,1
постелька,1
постановка,1
поссориться,1
посольство,1
посоветовать,1
посмеяться,1
посмеиваться,1
посматривать,1
послушный,1
послужить,1
пословица,1
последствие,1
последовать,1
посещение,1
посетить,1
посетительница,1
посердить,1
посвятить,1
посадка,1
порыться,1
порыв,1
поручить,1
поручик,1
портрет,1
порог,1
порешить,1
поранить,1
поравняться,1
попрёк,1
попробовать-ка,1
поприудержаться,1
пополуночи,1
пополудни,1
пополнение,1
попасться,1
поодиночке,1
пообедать,1
понятие,1
пономарь,1
понимать-с,1
поневоле,1
понадобиться,1
понадеяться,1
помышлять,1
поморщиться,1
помолчать,1
помнится,1
поминутный,1
помин,1
помещик,1
помешать,1
помериться,1
полёт,1
полюс,1
польза,1
поль,1
полушёпот,1
получаться,1
получасовой,1
полутемнота,1
полупомнить,1
полтораста,1
полслово,1
полпуда,1
полоса,1
положительный,1
положительность,1
положительно,1
полночь,1
полнота,1
полковник,1
полицейский,1
политика,1
полжизни,1
полететь,1
полениться,1
полезный,1
полезно,1
покупать,1
покрывало,1
покров,1
покраснеть,1
покойно,1
покойник,1
поклоняться,1
поклониться-поздороваться,1
поклажа,1
покидать,1
покатить,1
показыватъ,1
поиграть,1
познакомиться,1
поздний,1
позволительный,1
позволение,1
пожилой,1
пожаловаться,1
пожалеть,1
подыматься,1
подчас,1
подтянуть,1
подтверждать,1
подтвердиться,1
подтвердить,1
подставной,1
подскакивать,1
подсказывать,1
подсказать,1
подрывать,1
подробно,1
подразумевать,1
подправиться,1
подписывать,1
подпереться,1
подонок,1
подозрительный,1
подозвать,1
подобрать,1
подниматься,1
подмосковный,1
подмигнуть,1
подметить,1
подлинно,1
подзадоривать,1
подействовать,1
поддержать,1
поддакивать,1
подвести,1
подвернуться,1
подвергаться,1
подвергать,1
подбородок,1
подбегать,1
подачка,1
подарок,1
подавлять,1
подавиться,1
погулять,1
погрузиться,1
погрузить,1
поглотить,1
погибель,1
повязать,1
повторяться,1
повториться,1
повстречать,1
повод,1
повиновение,1
повесть,1
повернуться-ка,1
повернуть,1
повелительно,1
поваляться,1
побродить,1
побеспокоить,1
побелеть,1
победитель,1
победа,1
по-своему,1
по-необыденнея,1
по-немецки,1
по-нашему-то,1
по-начальничёска,1
по-московск,1
по-джентльменски,1
по-видимому,1
плюгавенький-то,1
плыть,1
плутовски,1
плешивый,1
плен,1
племянник,1
плач,1
платок,1
пикнуть,1
пиголица,1
пиброк,1
петрович,1
перчатка,1
перу,1
перстень,1
перовский,1
перо,1
перина,1
перешёптываться,1
пересыпаться,1
перестроить,1
переспросить,1
переспрашивать,1
переплатить,1
переписываться,1
переписка,1
переменяться,1
переламываться,1
перекреститься,1
перекинуть,1
пережить,1
переехать,1
передумать,1
передний,1
перегнуть,1
переглянуться,1
переводиться,1
перевернуться,1
перевалить,1
перебраться,1
перебивать,1
первоначально,1
пенсион,1
пена,1
пасть,1
паршивый,1
партикулярный,1
парижский,1
парижанин,1
пари,1
парафразировать,1
парадный,1
парад,1
папироса,1
панибрат,1
пальчик,1
палисадник,1
палерояль,1
палевый,1
палатка,1
пакостный,1
падать,1
павлин,1
п,1
ошибка,1
ошеломить,1
очищать,1
очистка,1
очередь,1
оцепенелый,1
оценить,1
охота,1
ох-хо-хо,1
ох,1
официально-учтивый,1
офицеришка,1
офицер,1
отыгрываться,1
отъесться,1
отшвырнуть,1
отчим-то,1
отчий,1
отчество,1
отчеканивать,1
отчаянно,1
оттягать,1
оттуда,1
оттопырить,1
оттолкнуть,1
оттащить,1
отсыпать,1
отступить,1
отстраняться,1
отстранять,1
отстранить,1
отставной,1
отрывок,1
отрывистый,1
отрывисто,1
отречься,1
отражаться,1
отпускать,1
отправить,1
отпечататься,1
отпpавиться,1
отослать,1
оторочить,1
относиться,1
отнестись,1
отмахнуться,1
отлёт,1
отлучка,1
отлично,1
открыто,1
открытие,1
откладывать,1
отзываться,1
отдёрнуть,1
отдёргать,1
отдыхать,1
отдых,1
отдохнуть,1
отделаться,1
отделать,1
отдаться,1
отдавать,1
отгородить,1
отговорка,1
отговорить,1
отговариваться,1
отговаривать,1
отвратительный,1
отворачиваться,1
отводить,1
отвислый,1
отвернуться,1
отвергнуть,1
отвергать,1
отвезти,1
отведение,1
отбивать,1
осёл-то,1
осуществлять,1
осуществимый,1
острый,1
осторожно,1
осрамить,1
основываться,1
основывать,1
основать,1
основание,1
осмотреться,1
осмелиться,1
осмеливаться,1
ослушание,1
осень,1
осветить,1
освежить,1
осведомляться,1
осадить,1
оса,1
орёл,1
орудовать,1
оригинальный,1
оригинал,1
орден,1
опять-таки,1
опыт,1
опустя,1
опустошить,1
опуститься,1
опросить,1
определить,1
оправдывать,1
оправдание,1
опошлиться,1
опоздать,1
описать,1
описание,1
опираться,1
опекун,1
опасный,1
опалить,1
они-то,1
омрачить,1
омрачаться,1
омерзительность,1
омерзительно,1
окружность,1
окружить,1
окраина,1
окончиться,1
окомпрометировать,1
околдовать,1
окликнуть,1
окаянный,1
оканчиваться,1
означать,1
озлобить,1
оживлять,1
ое,1
одурманить,1
одобрительно,1
один-то,1
один-одинёшенек,1
одеяло,1
одеть,1
одержать,1
одежда,1
одеваться,1
огорошить,1
огородить,1
огонь,1
оглянуться,1
оглядеть,1
оглушить,1
обязанность,1
обычный,1
объявляться,1
объявлять,1
объявиться,1
объесться,1
общественный,1
обхватить,1
обуться,1
обрюзглый,1
обрывать,1
обрести,1
обратный,1
образование,1
обрадовать,1
обработывать,1
оборка,1
оборванец,1
обольщение,1
обокрасть,1
ободрять,1
ободриться,1
обняться,1
обнять,1
обнести,1
обнаружиться,1
обнаружить,1
обнаруживать,1
обмерить,1
обмеривать,1
обменяться,1
обманывать,1
обмануться,1
обмануть,1
облатка,1
обидеться,1
обидеть,1
обида,1
обзывать,1
обещание,1
обеспокоить,1
обернуть,1
обеденный,1
обед-то,1
обегать,1
обдумывать,1
обдумать,1
обвинение,1
обаяние,1
нюрнбергский,1
нравственно,1
нравоучительный,1
норд-капа,1
нож,1
ноготок,1
новоселье,1
нищенство,1
ничуть,1
нить,1
нитка,1
нильский,1
никола,1
нижегородский,1
ниже,1
неясно,1
нещадно,1
нечётный,1
нечет,1
нехорошо,1
неустановившийся,1
неурядица,1
неуметь,1
неужто,1
неудовольствие,1
неудовлетворительный,1
несчастливый,1
несчастие,1
несравненно,1
несправедливый,1
неслыханный,1
нескрываемый,1
несдобровать,1
нес-с-счастное,1
неровный,1
непрошеный,1
неприметно,1
неправый,1
непочтительный,1
непонятно,1
непоколебимый,1
неподатливый,1
неосновательный,1
необъятный,1
необходимо,1
ненужный,1
немца-путешественник,1
немногие,1
немилость,1
нелепо,1
некрасиво,1
нейти,1
неисковеркать,1
неизящный,1
незнание,1
незнакомый,1
нездоровье,1
незамеченный,1
независимость,1
нежность,1
неестественный,1
недурной,1
недоумевать,1
недоступность,1
недостойно,1
недопивать,1
недолго,1
недоедать,1
недовольный,1
недоверчиво,1
невыносимый,1
невольник,1
невозможность,1
невозможно,1
невнимательный,1
невнимание,1
невиданный,1
невероятность,1
невероятно,1
неверность,1
невежество,1
невдалеке,1
небрежность,1
небо,1
неблагоприятный,1
не-е-ть,1
начертить,1
нация,1
национальный,1
нахмурить,1
нахмуренно,1
нахально-ругательный,1
нахально,1
натянутый,1
натягивать,1
натурально,1
нате,1
насыщаться,1
насущный,1
насупить,1
наступить,1
настрочить,1
настроить,1
настоящий-то,1
настоять,1
настоятельно,1
настояние,1
настолько,1
настойчивый,1
настигнуть,1
наставление,1
насмеяться,1
насмешливо,1
насмешка,1
насмешить,1
наследовать,1
наслать,1
насквозь,1
насильно,1
насаживать,1
нарушение,1
наружный,1
наружность,1
нарастать,1
нараспашку,1
напыщенный,1
напустить,1
напрячь,1
напроситься,1
напрашиваться,1
направлять,1
направление,1
напомнить,1
наплыв,1
напиться,1
напиваться,1
наперёд,1
нанять,1
намастачиться,1
наливаться,1
налево,1
накупить,1
накрыть,1
накопиться,1
накладка,1
накипать,1
наиспокойный,1
наизусть,1
наиграть,1
наивный,1
наивность,1
называют-он,1
надя,1
надуть,1
надоумить,1
надоесть,1
надобность,1
надо-е-е-ть,1
надменность,1
надзор,1
нагородить,1
нагнуться,1
наглый,1
навязывать,1
наврать,1
наволочка,1
наводить,1
навзничь,1
навечно,1
навести,1
навеки,1
набок,1
наблюдатель,1
набитый,1
нpавственный,1
мясо,1
мэр,1
мыслить,1
мыльный,1
мучитель,1
мучение,1
муха,1
мускус,1
мурашки,1
музыка,1
мужчина,1
муж,1
мсьё,1
мрачно,1
мрак,1
мошенничество,1
мошенник,1
мотать,1
московский,1
мороз,1
море,1
молчаливый,1
молчаливо,1
молоть,1
молокосос,1
молоко,1
молодцом,1
молния,1
молиться,1
моление,1
мода,1
могущество,1
многосторонний,1
михаилович,1
мифологический,1
мириться,1
минутный,1
мина,1
мимоходом,1
миллионер,1
миленький,1
мизинец,1
мизерный,1
мизер,1
мещанский,1
мешковатый,1
мешкать,1
мечтать,1
механически,1
метаться,1
меркантильный,1
мерка,1
мерзкий,1
меняться,1
меняльный,1
ментор,1
мена,1
мельком,1
мелочь,1
мелко,1
мезенцов,1
медовый,1
медлить,1
медицина,1
медведь,1
меблировка,1
мгновенно,1
машинально,1
мати-божий,1
материя,1
марш,1
марфуша,1
манерничать,1
манер,1
манеp,1
малютка,1
мальчишеский,1
малое,1
малодушно,1
м,1
лёт,1
лёгкость,1
любой,1
любовница,1
любим,1
любезничать,1
ль,1
лысина,1
лукаво,1
лондон,1
ломаться,1
локоть,1
ложный,1
ложка,1
ловчий,1
ловушка,1
ловля,1
лобызаться,1
лишь,1
лишний,1
лишек,1
лицо-с,1
лихорадка,1
листок,1
лист,1
липка,1
либерал,1
лечить-лечить,1
лепетать,1
лепет,1
ленивый,1
лекарство,1
лежать-лежать,1
легко,1
левретка,1
лакейщина,1
лакейство,1
ладоши,1
лавка,1
ла'йдак,1
кушетка,1
куст,1
курятник,1
купчишка,1
кулак,1
кузина,1
куафюра,1
кряктом,1
кряду,1
крыльцо-с,1
крыло,1
круто,1
крупно,1
круперишка,1
кружка,1
кружево,1
круглый,1
кричащий,1
кринолин,1
крик-то,1
кривой,1
крест,1
крашеный,1
красноречие,1
краснеть,1
крайность,1
кошмар,1
кошачий,1
косяк,1
костюм,1
кость,1
косой,1
корсет,1
короче,1
короткость,1
корнель,1
копия,1
копить,1
кончина,1
кончик,1
кончаться,1
кончать,1
контроль,1
контраст,1
контральто,1
контра,1
конклав,1
компетентный,1
комнатка,1
комкать,1
комичный,1
комический,1
комиссия,1
колоссальный,1
колоссально,1
колорит,1
коли,1
колебаться,1
кокетство,1
кока,1
кой-когда,1
кой-как,1
кой,1
козявка,1
козлов,1
козлиный,1
кое-кто,1
кое-где,1
когда-то,1
ковёр,1
коверкать,1
княгиня,1
книжечка,1
клоп,1
клиент,1
клетка,1
класть,1
киснуть,1
киргизский,1
кирасир,1
кинуться,1
кидать,1
кивать,1
квартирка,1
каяться,1
каштан,1
качество,1
качать,1
катехизис,1
катерина,1
категорический,1
кататься,1
катание,1
карьера,1
картинка,1
карлсбад,1
карл,1
капля,1
капитан,1
канцелярия,1
канкан,1
кандидат,1
камердинер,1
камень,1
каменный,1
казёнщина,1
казнить,1
каждодневно,1
кадиться,1
кавалер,1
кабала,1
каpмане,1
итого,1
итальянец,1
исходить,1
истукан,1
исторический,1
исторически,1
истаскать,1
исступлённый,1
иссохший,1
исследование,1
испытывать,1
испытанный,1
испугать,1
исправить,1
исполнение,1
исподлобья,1
испить,1
искусственно,1
искусать,1
искривить,1
искренний,1
исключение,1
иронический,1
интимный,1
интересовать,1
интересный,1
иностранка,1
иностранец,1
инициатива,1
императрица,1
изящно,1
изучить,1
изуродовать,1
изредка,1
изобличить,1
изнутри,1
изнеможение,1
измучиться,1
измученный,1
изменяться,1
изловчаться,1
издавать,1
изгнание,1
извинять,1
извиниться,1
извилина,1
извиваться,1
известность,1
изверг,1
избушка,1
изболезноваться,1
избежать,1
избавлять,1
изба,1
идиот,1
идиллия,1
идиллический,1
идеально,1
идеал,1
игоpной,1
иванович-то,1
ибо,1
зрительница,1
золото-то,1
зов,1
знаменитость,1
знаменательно,1
знакомить,1
злоупотреблять,1
злорадный,1
зеришко,1
зеришка,1
землишка,1
зелёный,1
здравствуй,1
здоровый,1
здороваться,1
звук,1
звонкий,1
зверский,1
звенеть,1
звезда,1
званый,1
заём,1
защита,1
зачесть,1
заходить,1
захлопать,1
захлебнуться,1
захватываться,1
заучить,1
заучиваться,1
заучивать,1
затрястись,1
затрудниться,1
затеяться,1
затеять,1
затесниться,1
затащить,1
затараторить,1
застрелиться,1
застрелить,1
засматриваться,1
заслышать,1
зарезать,1
зарево,1
зарапортоваться,1
заразиться,1
заразить,1
зараз,1
запыхаться,1
запутаться,1
запутать,1
запрещение,1
запретить,1
заправлять,1
запонка,1
запоминаться,1
заплакать,1
записывать,1
записочка,1
записной,1
запечатлеть,1
запекаться,1
запасть,1
запасаться,1
западный,1
заняться,1
заниматься,1
замужем,1
замуж-то,1
замолкнуть,1
замирание,1
замешаться,1
замешательство,1
заметка,1
замереть,1
заменять,1
замелькать,1
замедлить,1
замахать,1
замаскированный,1
заложить,1
залиться,1
залить,1
заливаться-хохотать,1
закуска,1
закусить,1
закупить,1
закрытие,1
закрывать,1
закончить,1
закон,1
закинуть,1
закатываться,1
закат,1
закадычный,1
заинтересоваться,1
задумчивый,1
задорный,1
задний,1
задеть,1
загрязнуть,1
заграница,1
заграбить,1
заготовить,1
загорьянский,1
загордиться,1
загон,1
загозианский,1
заговориться,1
заговариваться,1
завязать,1
завраться,1
завопить,1
завоевать,1
зависть,1
завертеть,1
завариться,1
завал,1
забытьё,1
забывчивый,1
заболтаться,1
заболтать,1
заблистать,1
заблагорассудиться,1
заблаговременно,1
забиться,1
забирать,1
забиваться,1
журнальный,1
жилетный,1
жизние,1
живёхонький,1
жест,1
жертвочко,1
жених,1
жена,1
желтоватый,1
желтеть,1
железный-то,1
железный,1
жаркий,1
жантилом,1
жаловаться,1
жалко,1
жажда,1
жадность,1
ехидство,1
ежедневный,1
ежедневно,1
едко,1
единый,1
единичный,1
едва-едва,1
егерь,1
европа,1
дёшево,1
дю-пласет,1
дьявольский,1
дьявол,1
дым,1
дурь-зажигин,1
дурочка,1
дума,1
дуга-с,1
дрянь,1
дрянный,1
дружественный,1
дружески,1
друг-то,1
дрожь,1
дрогнуть,1
древний,1
древесный,1
драть,1
драка,1
дочь-то,1
дочь,1
достоевский,1
доставлять,1
доставить,1
доставаться,1
доска,1
досидеть,1
доселе,1
досадный,1
досадить,1
дорваться,1
допрашивать,1
дополучить,1
домик,1
долой,1
должность,1
докторишка,1
докладывать,1
доказывать,1
дождаться,1
догонять,1
договаpивать,1
догадка,1
довольно-с,1
доводить,1
довершать,1
довезти,1
добывание,1
добросовестно,1
добраться,1
добиться,1
добиваться,1
добежать,1
длиннополый,1
дикость,1
дико,1
дивиться,1
дзеньканье,1
джентльменство,1
деться,1
детство,1
детский,1
детски,1
дети-ребёнок,1
десятый,1
десятилетний,1
деспотичёска,1
деспот,1
дерзость,1
дерзкий,1
деньжищи-то,1
дело-то,1
деликатный,1
декорация,1
действовать,1
действительность,1
девятый,1
девятнадцать,1
девяносто,1
деваться-то,1
дебоширить,1
двухсотлетний,1
двухнедельный,1
двух-треха,1
двугривенный,1
двоюродный,1
дворянство,1
дворянин,1
дворецкий,1
дворец,1
движение,1
два-три,1
данный,1
дальний,1
давным-давно,1
давний,1
давить,1
давешний,1
даваться,1
да-да,1
густой,1
гурьба,1
грустный,1
группироваться,1
группа,1
грубить,1
грош,1
громовой,1
гроб,1
грие,1
грамота,1
гражданин,1
град,1
готовность,1
готовить,1
государство,1
горячо-горячо,1
горячий,1
горько,1
горсть,1
горло,1
горе,1
гордячка,1
гордыня,1
гора-то,1
гоноров,1
гонор,1
голодный,1
годиться,1
говор,1
говаривать,1
гнутый,1
гнусный,1
гневный,1
глупехонький,1
глубокомыслие,1
гласно,1
гладкий,1
главный-то,1
германский,1
германия,1
гениальность-то,1
гениальность,1
генералов,1
генерал-то,1
вящий,1
вяз,1
вычисление,1
выхлопотать,1
выхаживать,1
выть,1
вытащить,1
высчитывать,1
выступить,1
выстрелить,1
выставляться,1
высокомерно-фамильярный,1
высокомерно,1
высокомерие,1
высоко,1
высматривать,1
выслушивать,1
высаживать,1
вырваться,1
выражаться,1
выпытать,1
выпускать,1
выпрямиться,1
выпросить,1
выпилить,1
вынужденный,1
вынбыть,1
вымыть,1
вымолвить,1
вымерить,1
выложить,1
вылечить,1
выкинуть,1
вызывающий,1
вызваться,1
выжить,1
выезд,1
выдумать,1
выдвигать,1
выгода,1
выговорить,1
выглядывать,1
выгадать,1
вывернуться,1
вывезти,1
выбросить,1
выбрать,1
выбор,1
въехать,1
въезжий,1
вурмергельма,1
второе,1
вторить,1
всё-всё,1
всяческий-то,1
всячески,1
всюду,1
всхлипывать,1
вступить,1
встревожить,1
встащить,1
вставной-то,1
вставлять,1
вспухнуть,1
вспотеть,1
вскрикнуть,1
вскрикивать,1
вскипеть,1
вскипать,1
вскинуть,1
всенародно,1
всегдашний,1
врождённый,1
враждебный,1
вполголоса,1
впиться,1
впасть,1
вояж,1
вот-с,1
восьмой,1
вострый,1
восторженно,1
восседать,1
воспретить,1
воспользоваться,1
восклицать,1
восемьсот,1
ворчать,1
ворочаться,1
ворочать,1
воровство,1
вопить,1
воображение,1
воображать,1
вон,1
волосёнки,1
волос-то,1
волк,1
вол,1
воксальный,1
вокpуга,1
возродиться,1
возрастать,1
возразить,1
возникать,1
возмущать,1
возмутительно,1
возможный,1
возить,1
воздушный,1
воздух,1
возгласить,1
возвращение,1
возвращать,1
военный,1
водица,1
водить,1
водевильный,1
водворение,1
во'дами,1
во'д-то,1
внушить,1
внушительно,1
внутри,1
внук,1
вносить,1
вникать,1
внешний,1
внезапный,1
вне,1
вначале,1
вмешиваться,1
вмешаться,1
влюбчивый,1
влюбляться,1
влево,1
властолюбивый,1
властительный,1
владеть,1
виски,1
виновный,1
виновато,1
визит,1
визжать,1
визг,1
виза,1
видимый,1
видаться,1
взор,1
вздрогнуть,1
вздрагивать,1
взглядывать,1
взволновать,1
взаправду,1
вечно,1
вечерний,1
ветреный,1
весна,1
верхом,1
вертушка,1
верста,1
веровать,1
вернуться,1
вельможа,1
великое,1
велено,1
вежливость,1
ведьма,1
вдумчивость,1
вдогонку,1
вдовство,1
вдвоём,1
ввязаться,1
ввиду,1
вверх,1
ввалиться,1
василиск,1
ванная,1
валандаться,1
важничать,1
бюро,1
быть-таки,1
буянить,1
буржуазный,1
буржуа,1
бульон,1
букет,1
буквально,1
буква,1
будущий,1
будуар,1
брякнуть,1
брюхо,1
британец,1
бриллиантовый,1
бредить,1
бреда,1
браться,1
ботинок,1
борьба,1
борода,1
болячка,1
болезненно-целомудренный,1
болезненно,1
болван-то,1
боков,1
бок,1
бойкий,1
божиться,1
блуждать,1
близко,1
близкие,1
бледнеть,1
бланк,1
благоустроенный,1
благосостояние,1
благословлять,1
благородство,1
благорасположение,1
благоразумный,1
благонравный,1
благоговение,1
битый,1
библиотека,1
бешеный,1
бешено,1
бесчестно,1
бесцензурный,1
бесстыдство,1
бессовестно,1
бессмыслица,1
бессмысленный,1
бессмысленно-восторженный,1
бессвязно,1
беспрепятственно,1
беспредельный,1
беспредельно,1
беспорядок,1
беспорядица,1
беспокойный,1
беспокойно,1
бесподобный,1
беситься,1
бесить,1
берлинский,1
берлинец,1
берет,1
бельведерский,1
белка,1
белена,1
безумство,1
безумно,1
безумие,1
безобразно,1
безобразничать,1
безнадёжный,1
безмятежный,1
безграничный,1
бедняжка,1
бе-ри-т,1
башмак,1
батистовый,1
баталия,1
барыш,1
балдахин,1
балакирев,1
бал,1
бакен,1
баденский,1
багровый,1
баба,1
ба,1
ахнуть,1
атласный,1
аршин,1
архиепископ,1
арифметика,1
аполлон,1
англия,1
англичанка,1
ангельский,1
анализ,1
альберт-то,1
алчность,1
али,1
акция,1
актёр,1
ай,1
азиат,1
адвокатствовать,1
адвокат,1
агент,1
ага,1
авторишка,1
авторитет,1
австриец,1
авось,1
zий,1
xvii,1
xvi,1
xv,1
xiv,1
xiii,1
xii,1
xi,1
x,1
wo-o-ohl,1
was,1
vos,1
vivra,1
vingt,1
vil,1
viii,1
vii,1
viens,1
victoire,1
vi,1
verite,1
vent,1
v,1
trop,1
trois,1
tourner,1
therese-philosophe,1
teufel,1
tarassevitcheva,1
table,1
t'attends,1
surtout,1
surprise,1
sur,1
soyez,1
sont,1
six,1
sind,1
sie,1
serons,1
seigneurs,1
savez,1
sante,1
saisons,1
sais-je,1
sago-sago,1
sa,1
s,1
russen,1
roi,1
rien,1
restent,1
rente,1
rasend,1
qui,1
querelle,1
quelque,1
quatorze,1
quant,1
quand,1
pад,1
puis,1
prussien,1
princes,1
pourtant,1
pour,1
plein,1
plaisir,1
peux,1
peut-etre,1
peut,1
petit,1
pardon,1
oublie,1
opinion,1
notre,1
noms,1
nom,1
nec,1
nature,1
nationale,1
n'etait,1
n'est-ce,1
n'es,1
moujiks,1
montagne,1
miracle,1
million,1
mere,1
merci,1
megere,1
mauvaise,1
mauvais,1
marquis,1
mangeras,1
malheur,1
magnifique,1
lui,1
lisette,1
laquais,1
l'or,1
l'esprit,1
l,1
jeunesse,1
j'aimerais,1
ix,1
iv,1
ist's,1
irascible,1
impaire,1
iii,1
ii,1
ici,1
i,1
hotel,1
honnete,1
heretique,1
gentilhomme,1
genre,1
fraiche,1
fleurs,1
fils,1
feu,1
ferons,1
feras-tu,1
feras,1
ferai,1
fait,1
fais-tu,1
expatrie,1
etoilles,1
etoiles,1
enfant,1
enchante,1
dons,1
diese,1
diantre,1
diables,1
derniers,1
der,1
demandais,1
deluge,1
deja,1
dame,1
d'or,1
d'hot,1
d'argent,1
d'allemand,1
croyez,1
cousin-маркиз,1
coups,1
coq,1
continuel,1
content,1
consonnes,1
combien,1
coeur,1
chose,1
chances,1
chance,1
ces,1
caractere,1
calmouk,1
bons,1
bon,1
bombance,1
boirons,1
blanchard,1
blan-bec,1
betises,1
beta,1
beau,1
batons,1
baronne,1
baron,1
barbe,1
barbare,1
bal-mabile,1
babouchka,1
avais,1
autre,1
attends,1
as-tu,1
appointements,1
ans,1
amis,1
alors,1
allons,1
ah,1
agreable,1
